logged_name,current_catalog_name,current_catalog_id,external_source,external_id,muscle_group,equipment,movement_pattern,set_rows,completed_sets,user_count,first_logged,last_logged,new_exercise_id,new_exercise_name
Trap Bar Deadlift,Trap Bar Deadlift,fad7f615-f810-4630-aa7d-3a729e4f21b3,null,null,Full Body,trap bar,hinge,67,65,2,2026-07-01,2026-08-03,,
Overhead Press,Overhead Press,74bf2743-8d76-4763-be3c-be35b5f48df2,null,null,Shoulders,barbell,push_horizontal,56,55,2,2026-07-07,2026-09-17,,
Deadlift,Deadlift,d1b24f14-8666-48ac-bb89-f5899dda38e7,null,null,Full Body,barbell,hinge,44,42,3,2026-07-31,2026-09-17,,
Front Barbell Squat,Front Barbell Squat,c5239bdc-4113-49dd-9fa7-8308217a7c00,free_exercise_db,Front_Barbell_Squat,Quads,barbell,squat,42,42,2,2026-07-10,2026-08-07,,
Leverage Incline Chest Press,Leverage Incline Chest Press,be99a500-40c1-4bad-a685-6db64152721b,free_exercise_db,Leverage_Incline_Chest_Press,Chest,machine,push_horizontal,40,40,2,2026-07-09,2026-08-07,,
Dumbbell Lunges,Dumbbell Lunges,469aa1d9-c453-4b97-9ffb-7425fd2c1067,free_exercise_db,Dumbbell_Lunges,Quads,dumbbell,squat,38,37,2,2026-07-13,2026-08-03,,
Pullups,Pullups,7a85d3a8-3a45-4382-b6a5-dc00d95f8436,free_exercise_db,Pullups,Lats,bodyweight,pull_horizontal,37,36,2,2026-07-15,2026-09-19,,
Leg Press,Leg Press,bbb9c0b7-5630-42b1-8758-45f86cf07ff1,free_exercise_db,Leg_Press,Quads,machine,squat,34,33,2,2026-07-13,2026-08-03,,
Bulgarian Split Squat,Bulgarian Split Squat,8e52e739-bdeb-4562-823f-f5d8c2bf190b,null,null,Quads,dumbbell,squat,32,30,3,2026-08-14,2026-09-19,,
Incline DB Press,Incline DB Press,c11fddf6-f000-40a2-8007-77dbe234617c,null,null,Upper Chest,dumbbell,push_horizontal,28,28,2,2026-07-07,2026-08-05,,
B1 KB Swings,null,null,null,null,null,null,null,27,27,2,2026-07-13,2026-08-03,,
Dumbbell One Arm Bent-over Row,Dumbbell One Arm Bent-over Row,234420d2-b111-44e5-88ab-28786b806574,exercisedb,C0MA9bC,Upper Back,dumbbell,pull_horizontal,27,26,2,2026-07-17,2026-09-14,,
Hanging Leg Raise,Hanging Leg Raise,59ccfd55-1093-4a9a-ab64-d74dca22cc47,free_exercise_db,Hanging_Leg_Raise,Core,bodyweight,isolation,27,27,2,2026-07-13,2026-08-03,,
Seated Leg Curl,Seated Leg Curl,a9460a73-a9ee-47c4-b755-a65480f3df56,null,null,Hamstrings,machine,isolation,27,27,2,2026-07-13,2026-08-03,,
Barbell Full Squat,Barbell Full Squat,ae119c20-7b27-47b2-b37c-41c7caf7d260,exercisedb,qXTaZnJ,Glutes,barbell,squat,24,24,3,2026-08-03,2026-08-24,,
Push Press,Push Press,14837e1c-32d4-4f06-98c6-f33d3984c8ec,free_exercise_db,Push_Press,Shoulders,barbell,push_vertical,24,23,1,2026-08-03,2026-08-24,,
Hip Thrust,Hip Thrust,2d5759ad-6b84-45a2-a31b-26dbe6c63cd1,null,null,Glutes,Machine,null,23,21,2,2026-08-14,2026-09-14,,
Kettlebell Swing,Kettlebell Swing,8f62160f-efb7-46a8-a2db-1493bc03fda4,exercisedb,UHJlbu3,Glutes,kettlebell,hinge,21,21,3,2026-08-06,2026-09-17,,
Front Squat,Front Squat,42b71f10-9b43-4b5d-ad94-e0438e19ddee,null,null,Quads,barbell,squat,20,20,2,2026-07-03,2026-07-09,,
Plank,Plank,56f33292-1fab-4e04-9695-5a5eaa3663fe,null,null,Core,bodyweight,isolation,20,16,2,2026-07-09,2026-08-07,,
Tricep Pushdown,Tricep Pushdown,e659a393-8bb1-42a0-9dcf-5ef557aca9e6,null,null,Triceps,cable,isolation,20,19,3,2026-07-07,2026-09-17,,
Good Morning,Good Morning,61198b81-af1b-4f4c-b6a6-ab4387e43e98,free_exercise_db,Good_Morning,Hamstrings,barbell,hinge,19,18,2,2026-08-10,2026-08-24,,
Calf Press On The Leg Press Machine,Calf Press On The Leg Press Machine,c7107399-6add-46df-b833-252067cce783,free_exercise_db,Calf_Press_On_The_Leg_Press_Machine,Calves,machine,isolation,18,18,2,2026-07-13,2026-07-27,,
Diamond Push-up,Diamond Push-up,1552463e-102c-4e3e-a885-68f1d15f1a2b,exercisedb,soIB2rj,Triceps,bodyweight,push_horizontal,18,18,1,2026-08-03,2026-08-24,,
Dumbbell Fly,Dumbbell Fly,ae89d44d-fb7d-4c79-88b1-0b25d262499a,exercisedb,yz9nUhF,Pectorals,dumbbell,isolation,18,18,1,2026-08-03,2026-08-24,,
Face Pull,Face Pull,8e1c10d8-cb95-4e5c-a3c9-e8df859e8d9f,null,null,Rear Delts,cable,pull_horizontal,17,17,2,2026-07-07,2026-09-11,,
Dumbbell Incline Row,Dumbbell Incline Row,c81f361a-b248-42ce-91cf-71d38b78f07c,exercisedb,7vG5o25,Upper Back,dumbbell,pull_horizontal,16,16,2,2026-07-17,2026-08-05,,
Dumbbell Row,Dumbbell Row,f02f2d58-6f7d-4c4c-b447-9fe6f7bea36b,null,null,Mid Back,dumbbell,pull_horizontal,16,16,2,2026-07-07,2026-07-22,,
Dumbbell Clean,Dumbbell Clean,34f7db1f-0250-4567-9f6a-ba34823b1dd7,exercisedb,7Hg55JG,Glutes,dumbbell,null,15,15,2,2026-08-14,2026-08-28,,
Dumbbell Pullover,Dumbbell Pullover,558c0ebd-6c80-49aa-a3fb-95c72bfe27c7,exercisedb,9XjtHvS,Pectorals,dumbbell,pull_horizontal,15,12,2,2026-08-14,2026-08-28,,
Dumbbell Step-up,Dumbbell Step-up,53987c01-8587-4120-bf86-be43954a48c0,exercisedb,aXtJhlg,Glutes,dumbbell,squat,15,15,2,2026-08-10,2026-08-24,,
Barbell Curl,Barbell Curl,63cf2ed0-a03a-4103-9293-07990211b1de,null,null,Biceps,barbell,isolation,13,13,2,2026-07-07,2026-07-29,,
Dumbbell Goblet Squat,Dumbbell Goblet Squat,acf95df8-8776-41c1-a324-e98da455fdb4,exercisedb,yn8yg1r,Quads,dumbbell,squat,13,13,2,2026-08-10,2026-09-09,,
Pushups,Pushups,2a25c7ea-ec3c-4a26-8fa3-ea91a9741671,free_exercise_db,Pushups,Chest,bodyweight,push_vertical,13,13,2,2026-07-10,2026-07-31,,
Bent Over Two-Arm Long Bar Row,Bent Over Two-Arm Long Bar Row,b4ed867c-b3fc-4100-9366-a02d47098c3b,free_exercise_db,Bent_Over_Two-Arm_Long_Bar_Row,Mid Back,barbell,pull_horizontal,12,12,2,2026-08-12,2026-08-26,,
Cable Lateral Raise,Cable Lateral Raise,8e149b3e-d94b-4410-8d22-5a1720c7a0a4,exercisedb,goJ6ezq,Shoulders,cable,isolation,12,11,2,2026-08-12,2026-08-26,,
External Rotation,External Rotation,f3c1b363-d703-4dc2-b6ed-ad33a77649f5,null,null,Shoulder,,null,12,12,2,2026-07-07,2026-07-22,,
Romanian Deadlift from Deficit,Romanian Deadlift from Deficit,5a0fd05b-ecdf-4057-b6de-d3230c770e6c,free_exercise_db,Romanian_Deadlift_from_Deficit,Hamstrings,barbell,hinge,12,10,2,2026-07-10,2026-07-31,,
Back Squat,Back Squat,144158eb-6813-4774-8558-20d3fa69931b,null,null,Quads,barbell,squat,11,10,2,2026-08-09,2026-09-09,,
Lat Pulldown,Lat Pulldown,d401a7e7-f2d1-4831-9f98-3c8523d2ab5b,null,null,Lats,cable,pull_horizontal,11,11,2,2026-07-17,2026-07-31,,
Dumbbell Side Lunge,Dumbbell Side Lunge,e94507f5-3669-433c-a9d5-39d3abd7252e,null,null,null,Dumbbell,squat,10,10,2,2026-08-10,2026-08-24,,
Incline Dumbbell Curl,Incline Dumbbell Curl,b5a902b8-17f8-402f-92c5-59f099e1a2be,free_exercise_db,Incline_Dumbbell_Curl,Biceps,dumbbell,isolation,10,10,2,2026-08-14,2026-09-17,,
45° Side Bend,45° Side Bend,9d7f0da8-b445-4337-9354-342f00ffc46d,exercisedb,Hy9D21L,Core,bodyweight,null,9,7,2,2026-08-10,2026-08-24,,
B2 KB Swings,null,null,null,null,null,null,null,9,9,2,2026-07-01,2026-07-06,,
Barbell Bench Squat,Barbell Bench Squat,e3d91088-db72-4f74-9a34-d1ec1cbac71f,exercisedb,W9pFVv1,Quads,barbell,squat,9,8,1,2026-08-31,2026-09-14,,
Bent Over Barbell Row,Bent Over Barbell Row,85d71483-841d-4ca9-9830-8c249835a0d3,free_exercise_db,Bent_Over_Barbell_Row,Mid Back,barbell,pull_horizontal,9,9,1,2026-08-31,2026-09-14,,
Chest Press,null,null,null,null,null,null,null,9,9,2,2026-07-03,2026-07-03,,
Dumbbell Alternate Biceps Curl,Dumbbell Alternate Biceps Curl,3847341f-a980-4cbb-943e-90e04a19db51,exercisedb,BU15nH4,Biceps,dumbbell,isolation,9,9,1,2026-08-31,2026-09-14,,
Kettlebell V-Up,Kettlebell V-Up,b179d51d-f07a-43b1-b885-3a8d4f6c7132,null,null,Core,Kettlebell,null,9,9,2,2026-08-14,2026-09-17,,
Machine bench press,Machine bench press,1dee316c-a7f9-4f9d-befa-1c4e9b89967e,null,null,Pectoral,Bench press Machine,null,9,9,2,2026-08-12,2026-08-26,,
Scap Push-ups,Scap Push-ups,4102523a-b36f-48e3-a335-83764cb2bb2f,null,null,Chest,bodyweight,isolation,9,9,2,2026-07-07,2026-07-22,,
Standing Calf Raises,Standing Calf Raises,be663b1a-8250-478a-8c5f-49ab22d7b113,free_exercise_db,Standing_Calf_Raises,Calves,machine,isolation,9,9,2,2026-07-27,2026-08-03,,
Walking Dumbell Lunges,null,null,null,null,null,null,null,9,9,2,2026-07-01,2026-07-10,,
B2 Hanging Knee Raises,null,null,null,null,null,null,null,8,8,2,2026-07-01,2026-07-06,,
Db Row,null,null,null,null,null,null,null,8,8,2,2026-07-03,2026-07-03,,
Leg Press,null,null,null,null,null,null,null,8,8,2,2026-07-06,2026-07-06,,
Thoracic Rotations,Thoracic Rotations,fbf089d8-57ec-4d0d-ab99-1b7aae45b996,null,null,Mid-Back,,null,7,7,2,2026-07-07,2026-07-15,,
A1 hamstring curl,null,null,null,null,null,null,null,6,6,2,2026-07-03,2026-07-06,,
A2 Calf Raise,null,null,null,null,null,null,null,6,6,2,2026-07-06,2026-07-06,,
Advanced Kettlebell Windmill,Advanced Kettlebell Windmill,0995595e-6fb9-4955-89c2-30f85da775a2,free_exercise_db,Advanced_Kettlebell_Windmill,Core,kettlebells,isolation,6,4,2,2026-08-10,2026-08-17,,
Alternate Heel Touchers,Alternate Heel Touchers,ac4ceeb6-38bd-453e-b846-9244100be757,exercisedb,qaZVsGk,Core,bodyweight,null,6,6,2,2026-08-14,2026-08-28,,
Assisted Pull-up,Assisted Pull-up,759dabc6-53e8-466f-8f3b-fc7ba3dc2b98,exercisedb,kiJ4Z2K,Lats,machine,pull_vertical,6,6,1,2026-09-11,2026-09-18,,
Barbell Bench Press,Barbell Bench Press,a8199579-45b5-4261-a3c2-47f9f4ca9b89,exercisedb,EIeI8Vf,Pectorals,barbell,push_horizontal,6,6,2,2026-09-09,2026-09-09,,
Cable Curl,Cable Curl,6edb85a4-b848-410c-844a-baad46f9bb27,null,null,Bicep,Cable Machine,null,6,6,2,2026-08-05,2026-08-05,,
Cable Tricep Pushdown,Cable Tricep Pushdown,6b6483b9-6ce2-4207-af9d-0473d8185049,null,null,Tricep,Cable Machine,null,6,6,2,2026-08-05,2026-08-05,,
Close-Grip Front Lat Pulldown,Close-Grip Front Lat Pulldown,869e663a-f365-48a7-829b-5106355f413c,free_exercise_db,Close-Grip_Front_Lat_Pulldown,Lats,cable,pull_vertical,6,6,2,2026-09-09,2026-09-09,,
Dumbbell Bent Over Row,Dumbbell Bent Over Row,591ba0b9-9cc9-452d-b483-54ae10a04e0c,exercisedb,BJ0Hz5L,Upper Back,dumbbell,pull_horizontal,6,6,2,2026-09-09,2026-09-09,,
Dumbbell Sumo Pull Through,Dumbbell Sumo Pull Through,ab99cac0-8cd9-4e6a-8ef8-5d92bd642c02,exercisedb,BmrwWzo,Glutes,dumbbell,pull_horizontal,6,5,2,2026-09-14,2026-09-14,,
Hammer Curls,Hammer Curls,115e99ec-ecc6-4dfd-b9fd-4d820ea72636,free_exercise_db,Hammer_Curls,Biceps,dumbbell,isolation,6,6,2,2026-09-14,2026-09-14,,
Hyperextension,Hyperextension,a117d9a8-1a5c-43bc-9c1c-8fbf996a346b,exercisedb,zhMwOwE,Back,bodyweight,isolation,6,6,2,2026-09-18,2026-09-19,,
One-Arm Dumbbell Row,One-Arm Dumbbell Row,b4271b77-54ae-41cd-9ca2-da28e8273d82,free_exercise_db,One-Arm_Dumbbell_Row,Mid Back,dumbbell,pull_horizontal,6,6,2,2026-07-09,2026-07-10,,
Rear delt dumbbell fly,Rear delt dumbbell fly,1e2c31ba-98ee-4191-96ab-d4f128a63996,null,null,Deltoid,null,null,6,6,2,2026-09-14,2026-09-14,,
Romanian Deadlift,Romanian Deadlift,a15b2fa0-3f61-4a30-a2af-166ebc095fe3,null,null,Hamstrings,barbell,hinge,6,6,2,2026-07-09,2026-08-07,,
Squat plate front raise,Squat plate front raise,b36e5401-7c5a-48d1-97b6-d436d2a03d34,null,null,Legs and shoulders,null,null,6,6,2,2026-09-18,2026-09-19,,
Barbell Incline Bench Press,Barbell Incline Bench Press,f98ff9d7-95c5-421f-a1d2-51c32229d732,exercisedb,3TZduzM,Pectorals,barbell,push_horizontal,5,5,1,2026-09-16,2026-09-16,,
Cable Pushdown,Cable Pushdown,647e3733-3f7b-43c0-be4f-736c03adce66,exercisedb,3ZflifB,Triceps,cable,null,5,4,2,2026-09-11,2026-09-11,,
A1 Romanian deadlift,null,null,null,null,null,null,null,4,4,2,2026-07-03,2026-07-03,,
Barbell Lying Triceps Extension Skull Crusher,Barbell Lying Triceps Extension Skull Crusher,ea6fdd93-01a4-4122-8e03-9db66c280fa1,exercisedb,h8LFzo9,Triceps,barbell,isolation,4,4,2,2026-08-14,2026-08-14,,
Butterfly,Butterfly,4a0afed8-4a05-4246-9986-2def0d644008,free_exercise_db,Butterfly,Chest,machine,isolation,4,4,2,2026-08-12,2026-09-19,,
Dumbbell Flyes,Dumbbell Flyes,71fe5675-c294-477c-8fc5-028d6e678e22,free_exercise_db,Dumbbell_Flyes,Chest,dumbbell,isolation,4,4,2,2026-08-12,2026-08-26,,
Farmers Walk,Farmers Walk,4708e0ac-dc06-4f75-842a-c87d752608e9,exercisedb,qPEzJjA,Quads,dumbbell,cardio,4,4,2,2026-09-14,2026-09-14,,
Lat Pulldown,Lat Pulldown,47153a3d-cbd4-43c4-8b37-f68bc933c770,null,null,Lats,Cable Machine,null,4,4,2,2026-08-07,2026-08-07,,
Pull up work,Chin-Up,194f658c-9fc5-4e54-a4d8-b1e7772d4e61,null,null,Lats,bodyweight,pull_horizontal,4,4,2,2026-07-08,2026-07-09,,
Push-up,Push-up,97556be0-dc89-494c-b405-2dbfa5e37bd3,exercisedb,I4hDWkc,Pectorals,bodyweight,push_horizontal,4,4,2,2026-08-07,2026-08-07,,
Reverse Machine Flyes,Reverse Machine Flyes,323baae3-804f-4898-a7d8-0e23489678c4,free_exercise_db,Reverse_Machine_Flyes,Shoulders,machine,isolation,4,4,2,2026-08-12,2026-09-19,,
Shoulder Press,null,null,null,null,null,null,null,4,4,2,2026-07-01,2026-07-02,,
V-sit On Floor,V-sit On Floor,725947bb-e913-4a35-898f-03ded8a22420,exercisedb,ZuXu4Eq,Core,bodyweight,null,4,4,2,2026-09-14,2026-09-14,,
B1 Lat pull down,null,null,null,null,null,null,null,3,3,2,2026-07-03,2026-07-03,,
Band Horizontal Pallof Press,Band Horizontal Pallof Press,e4a71b76-6ea6-4a29-af4f-f45d78eded18,exercisedb,9pa4H5m,Core,band,push_horizontal,3,1,1,2026-09-16,2026-09-16,,
Band Pull Apart,Band Pull Apart,86f06610-53ce-4c35-b443-e9eb84f157f1,free_exercise_db,Band_Pull_Apart,Shoulders,bands,isolation,3,3,2,2026-07-15,2026-07-22,,
Bench Press - Powerlifting,Bench Press - Powerlifting,84a5ab99-4cbb-4a7c-8de5-2760ece4e259,free_exercise_db,Bench_Press_-_Powerlifting,Triceps,barbell,push_horizontal,3,3,1,2026-09-16,2026-09-16,,
Bodyweight Drop Jump Squat,Bodyweight Drop Jump Squat,d5964084-b8ff-43bb-b189-0a13c3a8846a,exercisedb,wfotm7S,Glutes,bodyweight,squat,3,3,1,2026-08-03,2026-08-03,,
Cable Trunk Rotation,Cable Trunk Rotation,ac7d4508-1f48-4baa-a2f0-a7392c657fad,null,null,Core,Cable machine,null,3,3,1,2026-09-16,2026-09-16,,
Chin-Up,Chin-Up,194f658c-9fc5-4e54-a4d8-b1e7772d4e61,null,null,Lats,bodyweight,pull_horizontal,3,3,1,2026-07-07,2026-07-07,,
Dips - Chest Version,Dips - Chest Version,9ec9d5d9-2ecd-4d45-ba8c-89e66e6faf5f,free_exercise_db,Dips_-_Chest_Version,Chest,other,push_horizontal,3,3,1,2026-09-16,2026-09-16,,
Dumbbell Bench Press,Dumbbell Bench Press,78342376-e596-48d8-8432-75ab0038a490,exercisedb,SpYC0Kp,Pectorals,dumbbell,push_horizontal,3,2,1,2026-08-26,2026-08-26,,
Dumbbell Standing Overhead Press,Dumbbell Standing Overhead Press,cde8df27-fa91-49c5-a473-17d6e8eeaa5b,exercisedb,A6wtbuL,Shoulders,dumbbell,push_vertical,3,3,1,2026-09-11,2026-09-11,,
Kettlebell Arnold Press,Kettlebell Arnold Press,a3161eca-2ade-4a96-bae3-54814c603a9e,exercisedb,UM8mgyG,Shoulders,kettlebell,push_horizontal,3,3,1,2026-09-19,2026-09-19,,
Landmine press,Landmine Row,257fd808-2c16-4c16-9959-f43a9a6f60ad,null,null,Back,,null,3,3,1,2026-07-08,2026-07-08,,
Landmine Row,Landmine Row,257fd808-2c16-4c16-9959-f43a9a6f60ad,null,null,Back,,null,3,3,1,2026-07-15,2026-07-15,,
One-Legged Cable Kickback,One-Legged Cable Kickback,46e9dadc-f310-4125-8b4f-6c820279bb5b,free_exercise_db,One-Legged_Cable_Kickback,Glutes,cable,isolation,3,3,1,2026-09-16,2026-09-16,,
Pull Up (neutral Grip),Pull Up (neutral Grip),5c0637ad-deaa-4766-8223-7c3764cf105d,exercisedb,0V2YQjW,Lats,bodyweight,pull_horizontal,3,3,1,2026-09-11,2026-09-11,,
Side Lateral Raise,Side Lateral Raise,d312003f-59d5-4acc-b48f-838dda3f41de,free_exercise_db,Side_Lateral_Raise,Shoulders,dumbbell,isolation,3,1,1,2026-09-18,2026-09-18,,
Standing Biceps Cable Curl,Standing Biceps Cable Curl,e666147d-acb5-4fa5-b580-b14176c9923b,free_exercise_db,Standing_Biceps_Cable_Curl,Biceps,cable,isolation,3,3,2,2026-07-15,2026-07-15,,
A2 1 minute plank,null,null,null,null,null,null,null,2,2,1,2026-07-03,2026-07-03,,
B2 Push ups,null,null,null,null,null,null,null,2,2,1,2026-07-03,2026-07-03,,
Bent Over Dumbbell Rear Delt Raise With Head On Bench,Bent Over Dumbbell Rear Delt Raise With Head On Bench,b761a3d1-6014-4960-994b-acdd4cf1872f,free_exercise_db,Bent_Over_Dumbbell_Rear_Delt_Raise_With_Head_On_Bench,Shoulders,dumbbell,isolation,2,2,1,2026-08-26,2026-08-26,,
Dumbbell Single Leg Deadlift,Dumbbell Single Leg Deadlift,2089b715-e43c-4447-be55-043d1f57905c,exercisedb,gKozT8X,Glutes,dumbbell,hinge,2,2,1,2026-07-17,2026-07-17,,
Full Range-Of-Motion Lat Pulldown,Full Range-Of-Motion Lat Pulldown,20b2e82b-9cf8-4854-8128-59cf82c49012,free_exercise_db,Full_Range-Of-Motion_Lat_Pulldown,Lats,cable,pull_vertical,2,2,1,2026-07-10,2026-07-10,,
Seated Cable Rows,Seated Cable Rows,0a59a7cf-1723-43df-8e1a-9a880ba3e5f0,free_exercise_db,Seated_Cable_Rows,Mid Back,cable,pull_horizontal,2,2,1,2026-08-21,2026-08-21,,
Shoulder Bands,Shoulder Bands,005e66c6-0f51-4bc8-bcc2-3f3eae0b84fd,null,null,Shoulders,,null,2,2,2,2026-07-07,2026-07-08,,
Skull Crusher,Skull Crusher,85bb9d32-8c32-484e-a019-729aa753d6d6,null,null,Triceps,barbell,isolation,2,2,1,2026-09-16,2026-09-16,,
Thoracic,null,null,null,null,null,null,null,2,0,1,2026-07-22,2026-07-22,,
Back Pec Stretch,Back Pec Stretch,d94cf005-228d-4090-95b8-51fa1e7b312f,exercisedb,chfnQnM,Lats,bodyweight,rotation,1,1,1,2026-08-05,2026-08-05,,
Barbell Squat,Barbell Squat,00a9c9ff-f0a9-4460-8177-b88ed42f6a13,free_exercise_db,Barbell_Squat,Quads,barbell,squat,1,1,1,2026-07-10,2026-07-10,,
Calf Stretch With Hands Against Wall,Calf Stretch With Hands Against Wall,1f611e2e-dbc0-4141-902e-8ffc13c3ca6b,exercisedb,m0tCHqc,Calves,bodyweight,rotation,1,1,1,2026-08-24,2026-08-24,,
Chest And Front Of Shoulder Stretch,Chest And Front Of Shoulder Stretch,d599ea9d-56c6-457e-8dc2-021c16379efe,exercisedb,Uto7l43,Pectorals,bodyweight,rotation,1,1,1,2026-08-05,2026-08-05,,
Child's Pose,Child's Pose,cba62800-9d4c-42f5-83b6-fe360642c1c9,free_exercise_db,Childs_Pose,Lower Back,bodyweight,rotation,1,1,1,2026-09-17,2026-09-17,,
Dumbbell rear delt fly,Dumbbell rear delt fly,53e99a31-b475-4b60-8189-05b70a0f8f3e,null,null,null,null,null,1,1,1,2026-08-12,2026-08-12,,
Hamstring Stretch,Hamstring Stretch,989bcac7-baf0-4107-b0c0-78e946ba1e8e,exercisedb,99rWm7w,Hamstrings,bodyweight,rotation,1,1,1,2026-08-10,2026-08-10,,
Seated Glute Stretch,Seated Glute Stretch,5870050b-38d2-4c75-a893-21b287b2fd80,exercisedb,DeDThfG,Glutes,bodyweight,rotation,1,1,1,2026-08-10,2026-08-10,,